id,patient_id,vapi_call_id,started_at,ended_at,duration_seconds,transcript,summary,mood_score,medication_confirmed,memories_extracted,concern_flags,created_at
0a693baf-7d81-4c47-9722-0535ad3bc448,491b821c-1c8f-4a5a-a2aa-aad60a3b6ada,019d043f-3acf-7000-9454-d6288d9f9cc4,2026-03-19 03:59:38.568+00,2026-03-19 03:59:38.568+00,120,Conversation completed successfully.,Had a pleasant conversation about family and daily activities,5,true,"[{""text"":""Shared thoughts about the day and mentioned enjoying the morning sunshine while having breakfast."",""title"":""Daily Reflections""}]",[],2026-03-19 03:59:38.866509+00
169c8339-b191-47e6-bf00-d84e4981d89a,6475bf36-6c41-4491-ac54-417f7cff233f,019d03b4-8862-7000-81f9-dcde159c4cee,2026-03-19 01:29:00.148+00,2026-03-19 01:29:00.148+00,120,Conversation completed successfully.,Had a pleasant conversation about family and daily activities,5,true,"[{""text"":""Shared thoughts about the day and mentioned enjoying the morning sunshine while having breakfast."",""title"":""Daily Reflections""}]",[],2026-03-19 01:29:01.253034+00
170e129a-57da-4fb7-a3b2-6a0469749d22,6475bf36-6c41-4491-ac54-417f7cff233f,019d0408-db9d-7118-b721-9db8c1384e22,2026-03-19 03:00:21.398+00,2026-03-19 03:00:21.398+00,120,Conversation completed successfully.,Had a pleasant conversation about family and daily activities,5,true,"[{""text"":""Shared thoughts about the day and mentioned enjoying the morning sunshine while having breakfast."",""title"":""Daily Reflections""}]",[],2026-03-19 03:00:22.059089+00
184e4306-eb3e-4640-be76-5f9a99a8204d,6475bf36-6c41-4491-ac54-417f7cff233f,019d03d4-32b5-7000-922e-8109250765b9,2026-03-19 02:03:33.077+00,2026-03-19 02:03:33.077+00,120,Conversation completed successfully.,Had a pleasant conversation about family and daily activities,5,true,"[{""text"":""Shared thoughts about the day and mentioned enjoying the morning sunshine while having breakfast."",""title"":""Daily Reflections""}]",[],2026-03-19 02:03:33.582553+00
210bd3c5-14ac-4e85-8fd1-2001e7ca17f3,6475bf36-6c41-4491-ac54-417f7cff233f,019d03cc-320e-7000-9adc-9ef48bb4f2af,2026-03-19 01:54:25.93+00,2026-03-19 01:54:25.93+00,120,Conversation completed successfully.,Had a pleasant conversation about family and daily activities,5,true,"[{""text"":""Shared thoughts about the day and mentioned enjoying the morning sunshine while having breakfast."",""title"":""Daily Reflections""}]",[],2026-03-19 01:54:26.266725+00
2547c950-e603-4b02-a267-4e1b9011451e,6475bf36-6c41-4491-ac54-417f7cff233f,019d03e3-8b6a-7000-98be-664a5d17819c,2026-03-19 02:20:21.138+00,2026-03-19 02:20:21.138+00,120,Conversation completed successfully.,Had a pleasant conversation about family and daily activities,5,true,"[{""text"":""Shared thoughts about the day and mentioned enjoying the morning sunshine while having breakfast."",""title"":""Daily Reflections""}]",[],2026-03-19 02:20:21.615473+00
25dccdc5-e3d1-4448-b675-b83ea91e1457,6475bf36-6c41-4491-ac54-417f7cff233f,019d03cf-8f6f-7000-a511-73c54eef2aa4,2026-03-19 01:58:05.733+00,2026-03-19 01:58:05.733+00,120,Conversation completed successfully.,Had a pleasant conversation about family and daily activities,5,true,"[{""text"":""Shared thoughts about the day and mentioned enjoying the morning sunshine while having breakfast."",""title"":""Daily Reflections""}]",[],2026-03-19 01:58:06.201459+00
375a6a46-1627-4ec2-863f-48966f68046a,9854a9b6-9b5b-48a1-872a-a7107febf7f6,019d0427-e07c-7000-8b77-1899b9fd1387,2026-03-19 03:34:10.106+00,2026-03-19 03:34:10.106+00,120,Conversation completed successfully.,Had a pleasant conversation about family and daily activities,5,true,"[{""text"":""Shared thoughts about the day and mentioned enjoying the morning sunshine while having breakfast."",""title"":""Daily Reflections""}]",[],2026-03-19 03:34:10.464432+00
3b9a62a7-520b-42ff-a75a-e166298a5cff,6475bf36-6c41-4491-ac54-417f7cff233f,019d03a5-a33c-7000-b05a-d621d8695f71,2026-03-19 01:12:30.758+00,2026-03-19 01:12:30.758+00,120,Conversation completed successfully.,Had a pleasant conversation about family and daily activities,5,true,"[{""text"":""Shared thoughts about the day and mentioned enjoying the morning sunshine while having breakfast."",""title"":""Daily Reflections""}]",[],2026-03-19 01:12:31.794543+00
40123d77-5f6c-4d30-93dc-0fd1c25ba7e3,491b821c-1c8f-4a5a-a2aa-aad60a3b6ada,019d0437-40a6-7000-8161-179a79f32e1e,2026-03-19 03:51:32.613+00,2026-03-19 03:51:32.613+00,120,Conversation completed successfully.,Had a pleasant conversation about family and daily activities,5,true,"[{""text"":""Shared thoughts about the day and mentioned enjoying the morning sunshine while having breakfast."",""title"":""Daily Reflections""}]",[],2026-03-19 03:51:33.06142+00
469ed03d-52c8-4fb3-92c2-d1bd79b14bdc,6475bf36-6c41-4491-ac54-417f7cff233f,019d03ef-697c-7000-9ec3-1de16cc87b6e,2026-03-19 02:33:00.055+00,2026-03-19 02:33:00.055+00,120,Conversation completed successfully.,Had a pleasant conversation about family and daily activities,5,true,"[{""text"":""Shared thoughts about the day and mentioned enjoying the morning sunshine while having breakfast."",""title"":""Daily Reflections""}]",[],2026-03-19 02:33:00.375094+00
47f2d81c-d345-4761-abe8-86b70905cba1,9854a9b6-9b5b-48a1-872a-a7107febf7f6,019d0424-8fca-7000-992a-de556a9000d0,2026-03-19 03:30:30.018+00,2026-03-19 03:30:30.018+00,120,Conversation completed successfully.,Had a pleasant conversation about family and daily activities,5,true,"[{""text"":""Shared thoughts about the day and mentioned enjoying the morning sunshine while having breakfast."",""title"":""Daily Reflections""}]",[],2026-03-19 03:30:30.373463+00
4bfa6c69-ac8c-418b-a102-825d6e99eba0,6475bf36-6c41-4491-ac54-417f7cff233f,019d0407-adf7-7000-8b4e-d0663e141721,2026-03-19 02:59:20.434+00,2026-03-19 02:59:20.434+00,120,Conversation completed successfully.,Had a pleasant conversation about family and daily activities,5,true,"[{""text"":""Shared thoughts about the day and mentioned enjoying the morning sunshine while having breakfast."",""title"":""Daily Reflections""}]",[],2026-03-19 02:59:20.790471+00
4cf4d042-871c-49a1-b341-6e1481b2a290,6475bf36-6c41-4491-ac54-417f7cff233f,019d03f4-2022-7000-a307-86c1bcc4f11d,2026-03-19 02:37:42.188+00,2026-03-19 02:37:42.188+00,120,Conversation completed successfully.,Had a pleasant conversation about family and daily activities,5,true,"[{""text"":""Shared thoughts about the day and mentioned enjoying the morning sunshine while having breakfast."",""title"":""Daily Reflections""}]",[],2026-03-19 02:37:41.47835+00
4d2962f2-8abf-4052-9acb-876818f1d23d,6475bf36-6c41-4491-ac54-417f7cff233f,019d03ec-34ba-7000-8930-65c694ee4dfc,2026-03-19 02:29:27.373+00,2026-03-19 02:29:27.373+00,120,Conversation completed successfully.,Had a pleasant conversation about family and daily activities,5,true,"[{""text"":""Shared thoughts about the day and mentioned enjoying the morning sunshine while having breakfast."",""title"":""Daily Reflections""}]",[],2026-03-19 02:29:27.686283+00
4f310ec7-a671-40d6-88a7-a36f05c2b26d,9854a9b6-9b5b-48a1-872a-a7107febf7f6,019d0430-099c-7118-b750-438dbeb08409,2026-03-19 03:42:58.135+00,2026-03-19 03:42:58.135+00,120,Conversation completed successfully.,Had a pleasant conversation about family and daily activities,5,true,"[{""text"":""Shared thoughts about the day and mentioned enjoying the morning sunshine while having breakfast."",""title"":""Daily Reflections""}]",[],2026-03-19 03:42:58.718179+00
4f83c446-975c-4c61-9768-6e5e70e0b41a,6475bf36-6c41-4491-ac54-417f7cff233f,019d03fe-09f0-7000-ad45-2dcf05c9a7c6,2026-03-19 02:48:44.783+00,2026-03-19 02:48:44.783+00,120,Conversation completed successfully.,Had a pleasant conversation about family and daily activities,5,true,"[{""text"":""Shared thoughts about the day and mentioned enjoying the morning sunshine while having breakfast."",""title"":""Daily Reflections""}]",[],2026-03-19 02:48:45.526378+00
50d5fd54-8db3-40d3-a687-907d8411d60e,6475bf36-6c41-4491-ac54-417f7cff233f,019d03f1-b4a1-7000-9e1a-2c446e22c672,2026-03-19 02:35:02.806+00,2026-03-19 02:35:02.806+00,120,Conversation completed successfully.,Had a pleasant conversation about family and daily activities,5,true,"[{""text"":""Shared thoughts about the day and mentioned enjoying the morning sunshine while having breakfast."",""title"":""Daily Reflections""}]",[],2026-03-19 02:35:02.637606+00
51c32b09-69f8-47bc-a874-322ccff4e77e,6475bf36-6c41-4491-ac54-417f7cff233f,019d0395-a8d9-7000-9a1e-5a92a9ebfd1d,2026-03-19 00:54:35.834+00,2026-03-19 00:54:35.834+00,120,Conversation completed successfully.,Had a pleasant conversation about family and daily activities,5,true,"[{""text"":""Shared thoughts about the day and mentioned enjoying the morning sunshine while having breakfast."",""title"":""Daily Reflections""}]",[],2026-03-19 00:54:36.935749+00
64b04fe7-cf20-4bf2-a3b4-b3f7d0ff7f97,9854a9b6-9b5b-48a1-872a-a7107febf7f6,019d0433-f180-7ccd-8368-73204ee620be,2026-03-19 03:47:25.25+00,2026-03-19 03:47:25.25+00,120,Conversation completed successfully.,Had a pleasant conversation about family and daily activities,5,true,"[{""text"":""Shared thoughts about the day and mentioned enjoying the morning sunshine while having breakfast."",""title"":""Daily Reflections""}]",[],2026-03-19 03:47:25.609999+00
66a0a0fc-5b6a-4b92-9b70-913b0f594dbf,6475bf36-6c41-4491-ac54-417f7cff233f,019d03f2-bc2e-7000-9afc-4b14b8cbf23e,2026-03-19 02:36:09.851+00,2026-03-19 02:36:09.851+00,120,Conversation completed successfully.,Had a pleasant conversation about family and daily activities,5,true,"[{""text"":""Shared thoughts about the day and mentioned enjoying the morning sunshine while having breakfast."",""title"":""Daily Reflections""}]",[],2026-03-19 02:36:09.152878+00
73b3f696-11f2-4d0e-8be7-d39a21aee79b,6475bf36-6c41-4491-ac54-417f7cff233f,019d040a-1672-7eeb-8686-04ff01663f0d,2026-03-19 03:01:47.907+00,2026-03-19 03:01:47.907+00,120,Conversation completed successfully.,Had a pleasant conversation about family and daily activities,5,true,"[{""text"":""Shared thoughts about the day and mentioned enjoying the morning sunshine while having breakfast."",""title"":""Daily Reflections""}]",[],2026-03-19 03:01:48.362656+00
759a4b0b-fc25-4d1e-a9d5-0c980e179284,9854a9b6-9b5b-48a1-872a-a7107febf7f6,019d0432-cd7f-7000-9447-c10f80906845,2026-03-19 03:46:39.459+00,2026-03-19 03:46:39.459+00,120,Conversation completed successfully.,Had a pleasant conversation about family and daily activities,5,true,"[{""text"":""Shared thoughts about the day and mentioned enjoying the morning sunshine while having breakfast."",""title"":""Daily Reflections""}]",[],2026-03-19 03:46:40.053964+00
7e1048e4-118f-443e-9267-58f73c17063d,491b821c-1c8f-4a5a-a2aa-aad60a3b6ada,019d043e-a710-7000-aabb-bb0c96fd8e90,2026-03-19 03:58:53.344+00,2026-03-19 03:58:53.344+00,120,Conversation completed successfully.,Had a pleasant conversation about family and daily activities,5,true,"[{""text"":""Shared thoughts about the day and mentioned enjoying the morning sunshine while having breakfast."",""title"":""Daily Reflections""}]",[],2026-03-19 03:58:53.673206+00
857360e9-2002-44f6-9ff9-8e02ab736ab6,9854a9b6-9b5b-48a1-872a-a7107febf7f6,019d042a-48da-7000-8b79-00bb699b6416,2026-03-19 03:36:56.413+00,2026-03-19 03:36:56.413+00,120,Conversation completed successfully.,Had a pleasant conversation about family and daily activities,5,true,"[{""text"":""Shared thoughts about the day and mentioned enjoying the morning sunshine while having breakfast."",""title"":""Daily Reflections""}]",[],2026-03-19 03:36:56.947127+00
897a6b72-edd0-4225-bbba-4e06d8839a6a,9854a9b6-9b5b-48a1-872a-a7107febf7f6,019d0430-bc60-7000-8735-32c5c810e656,2026-03-19 03:44:10.666+00,2026-03-19 03:44:10.666+00,120,Conversation completed successfully.,Had a pleasant conversation about family and daily activities,5,true,"[{""text"":""Shared thoughts about the day and mentioned enjoying the morning sunshine while having breakfast."",""title"":""Daily Reflections""}]",[],2026-03-19 03:44:11.029586+00
92475ead-a0c7-4835-907f-433f5d13f71c,9854a9b6-9b5b-48a1-872a-a7107febf7f6,019d042c-9cc5-7000-872f-cbfbc7bc4d48,2026-03-19 03:39:36.429+00,2026-03-19 03:39:36.429+00,120,Conversation completed successfully.,Had a pleasant conversation about family and daily activities,5,true,"[{""text"":""Shared thoughts about the day and mentioned enjoying the morning sunshine while having breakfast."",""title"":""Daily Reflections""}]",[],2026-03-19 03:39:35.527094+00
984e0b31-9f41-4bfe-81d2-264b1e04a622,6475bf36-6c41-4491-ac54-417f7cff233f,019d0409-4aa6-7000-8499-ae321ce942a3,2026-03-19 03:00:52.431+00,2026-03-19 03:00:52.431+00,120,Conversation completed successfully.,Had a pleasant conversation about family and daily activities,5,true,"[{""text"":""Shared thoughts about the day and mentioned enjoying the morning sunshine while having breakfast."",""title"":""Daily Reflections""}]",[],2026-03-19 03:00:52.669612+00
9a4e39c7-9a72-4ee3-82c2-5436c735725c,6475bf36-6c41-4491-ac54-417f7cff233f,019d0405-8768-7000-b140-cb0f20d8b25c,2026-03-19 02:56:50.41+00,2026-03-19 02:56:50.41+00,120,Conversation completed successfully.,Had a pleasant conversation about family and daily activities,5,true,"[{""text"":""Shared thoughts about the day and mentioned enjoying the morning sunshine while having breakfast."",""title"":""Daily Reflections""}]",[],2026-03-19 02:56:50.699814+00
9d6522fa-8bfa-4ca2-acf0-40ef0ff0853e,6475bf36-6c41-4491-ac54-417f7cff233f,019d03ea-1c26-7331-b1de-ba8a49a37940,2026-03-19 02:26:49.231+00,2026-03-19 02:26:49.231+00,120,Conversation completed successfully.,Had a pleasant conversation about family and daily activities,5,true,"[{""text"":""Shared thoughts about the day and mentioned enjoying the morning sunshine while having breakfast."",""title"":""Daily Reflections""}]",[],2026-03-19 02:26:49.613615+00
a009a557-9df9-4abf-8254-f2b9747ea5a1,6475bf36-6c41-4491-ac54-417f7cff233f,019d03dc-7f81-744c-b13f-295cf178e12c,2026-03-19 02:12:30.557+00,2026-03-19 02:12:30.557+00,120,Conversation completed successfully.,Had a pleasant conversation about family and daily activities,5,true,"[{""text"":""Shared thoughts about the day and mentioned enjoying the morning sunshine while having breakfast."",""title"":""Daily Reflections""}]",[],2026-03-19 02:12:31.398102+00
a75cdfb6-9d75-4cdd-99ba-1afbf74e7277,6475bf36-6c41-4491-ac54-417f7cff233f,019d03c2-b68c-7000-b0b5-33f98e428198,2026-03-19 01:44:29.419+00,2026-03-19 01:44:29.419+00,120,Conversation completed successfully.,Had a pleasant conversation about family and daily activities,5,true,"[{""text"":""Shared thoughts about the day and mentioned enjoying the morning sunshine while having breakfast."",""title"":""Daily Reflections""}]",[],2026-03-19 01:44:30.438972+00
ab33a247-de18-4d3e-b32a-1d37c46c217e,6475bf36-6c41-4491-ac54-417f7cff233f,019d03d5-cca7-7772-b806-8ed5b22e111c,2026-03-19 02:05:26.501+00,2026-03-19 02:05:26.501+00,120,Conversation completed successfully.,Had a pleasant conversation about family and daily activities,5,true,"[{""text"":""Shared thoughts about the day and mentioned enjoying the morning sunshine while having breakfast."",""title"":""Daily Reflections""}]",[],2026-03-19 02:05:27.104875+00
b3e165e5-c2df-43fe-b5df-0e425d583c0c,6475bf36-6c41-4491-ac54-417f7cff233f,019d041d-a9f7-799c-a816-6f08676a3877,2026-03-19 03:23:04.945+00,2026-03-19 03:23:04.945+00,120,Conversation completed successfully.,Had a pleasant conversation about family and daily activities,5,true,"[{""text"":""Shared thoughts about the day and mentioned enjoying the morning sunshine while having breakfast."",""title"":""Daily Reflections""}]",[],2026-03-19 03:23:04.353078+00
bec6c9ec-d5b8-40b1-ae55-29093cd96c84,9854a9b6-9b5b-48a1-872a-a7107febf7f6,019d0424-b518-7000-a5d1-7c0fe5a48304,2026-03-19 03:30:38.845+00,2026-03-19 03:30:38.845+00,120,Conversation completed successfully.,Had a pleasant conversation about family and daily activities,5,true,"[{""text"":""Shared thoughts about the day and mentioned enjoying the morning sunshine while having breakfast."",""title"":""Daily Reflections""}]",[],2026-03-19 03:30:37.898808+00
c296bed6-6453-4738-ba91-8f2c4d3b5900,6475bf36-6c41-4491-ac54-417f7cff233f,019d041e-c450-7000-9b87-4d12ea6ac9ff,2026-03-19 03:24:18.619+00,2026-03-19 03:24:18.619+00,120,Conversation completed successfully.,Had a pleasant conversation about family and daily activities,5,true,"[{""text"":""Shared thoughts about the day and mentioned enjoying the morning sunshine while having breakfast."",""title"":""Daily Reflections""}]",[],2026-03-19 03:24:18.31937+00
ce1a4e8f-9115-4563-9c2f-d03ef9103eac,6475bf36-6c41-4491-ac54-417f7cff233f,019d03e8-f76d-7000-80de-b8959a3c4c49,2026-03-19 02:25:47.376+00,2026-03-19 02:25:47.376+00,120,Conversation completed successfully.,Had a pleasant conversation about family and daily activities,5,true,"[{""text"":""Shared thoughts about the day and mentioned enjoying the morning sunshine while having breakfast."",""title"":""Daily Reflections""}]",[],2026-03-19 02:25:48.124803+00
d0de9f9f-6d9a-4087-8482-284a7a740915,9854a9b6-9b5b-48a1-872a-a7107febf7f6,019d0426-2fb0-7000-8b5f-ed8a4f26eb99,2026-03-19 03:32:33.766+00,2026-03-19 03:32:33.766+00,120,Conversation completed successfully.,Had a pleasant conversation about family and daily activities,5,true,"[{""text"":""Shared thoughts about the day and mentioned enjoying the morning sunshine while having breakfast."",""title"":""Daily Reflections""}]",[],2026-03-19 03:32:34.387099+00
d10a0cf3-4d93-4e27-9612-e80d8e0d1529,9854a9b6-9b5b-48a1-872a-a7107febf7f6,019d0426-de77-7000-814c-52ba3d2632f3,2026-03-19 03:33:01.513+00,2026-03-19 03:33:01.513+00,120,Conversation completed successfully.,Had a pleasant conversation about family and daily activities,5,true,"[{""text"":""Shared thoughts about the day and mentioned enjoying the morning sunshine while having breakfast."",""title"":""Daily Reflections""}]",[],2026-03-19 03:33:00.570283+00
d98f35b1-aa07-4c1e-aa60-c0085542dde2,6475bf36-6c41-4491-ac54-417f7cff233f,019d03d9-5363-7000-9abd-0be66bc6ef32,2026-03-19 02:08:45.969+00,2026-03-19 02:08:45.969+00,120,Conversation completed successfully.,Had a pleasant conversation about family and daily activities,5,true,"[{""text"":""Shared thoughts about the day and mentioned enjoying the morning sunshine while having breakfast."",""title"":""Daily Reflections""}]",[],2026-03-19 02:08:46.230268+00
db43c386-2e40-407e-939e-0e3aa8ecadc1,9854a9b6-9b5b-48a1-872a-a7107febf7f6,019d0435-0143-7331-b26b-1736d725d415,2026-03-19 03:48:31.663+00,2026-03-19 03:48:31.663+00,120,Conversation completed successfully.,Had a pleasant conversation about family and daily activities,5,true,"[{""text"":""Shared thoughts about the day and mentioned enjoying the morning sunshine while having breakfast."",""title"":""Daily Reflections""}]",[],2026-03-19 03:48:31.947648+00
dce1fa4c-7acf-4237-bdec-48ea0908db32,6475bf36-6c41-4491-ac54-417f7cff233f,019d0402-e2be-7000-8b36-a3e25515b9b5,2026-03-19 02:54:09.868+00,2026-03-19 02:54:09.868+00,120,Conversation completed successfully.,Had a pleasant conversation about family and daily activities,5,true,"[{""text"":""Shared thoughts about the day and mentioned enjoying the morning sunshine while having breakfast."",""title"":""Daily Reflections""}]",[],2026-03-19 02:54:10.358609+00
e42e9c3d-2467-4eae-afc5-552ef7cb2731,6475bf36-6c41-4491-ac54-417f7cff233f,019d03e6-0fd4-7000-a2e1-eec75965609f,2026-03-19 02:22:17.446+00,2026-03-19 02:22:17.446+00,120,Conversation completed successfully.,Had a pleasant conversation about family and daily activities,5,true,"[{""text"":""Shared thoughts about the day and mentioned enjoying the morning sunshine while having breakfast."",""title"":""Daily Reflections""}]",[],2026-03-19 02:22:17.015981+00
e45051a0-11c0-422b-84c3-dd26c1a1e463,491b821c-1c8f-4a5a-a2aa-aad60a3b6ada,019d043c-c62c-7000-9f2d-2dab8d49e99e,2026-03-19 03:57:54.211+00,2026-03-19 03:57:54.211+00,120,Conversation completed successfully.,Had a pleasant conversation about family and daily activities,5,true,"[{""text"":""Shared thoughts about the day and mentioned enjoying the morning sunshine while having breakfast."",""title"":""Daily Reflections""}]",[],2026-03-19 03:57:54.52201+00
f0e4626d-fffc-4e34-8200-75f8317d9627,6475bf36-6c41-4491-ac54-417f7cff233f,019d03f6-ca8e-7442-bf92-3543b4065f27,2026-03-19 02:40:38.127+00,2026-03-19 02:40:38.127+00,120,Conversation completed successfully.,Had a pleasant conversation about family and daily activities,5,true,"[{""text"":""Shared thoughts about the day and mentioned enjoying the morning sunshine while having breakfast."",""title"":""Daily Reflections""}]",[],2026-03-19 02:40:38.519039+00
f32b5cd7-2019-4618-bc6c-3eeb56948cf9,6475bf36-6c41-4491-ac54-417f7cff233f,019d03d1-283f-7000-acd5-046ef0656548,2026-03-19 02:00:22.984+00,2026-03-19 02:00:22.984+00,120,Conversation completed successfully.,Had a pleasant conversation about family and daily activities,5,true,"[{""text"":""Shared thoughts about the day and mentioned enjoying the morning sunshine while having breakfast."",""title"":""Daily Reflections""}]",[],2026-03-19 02:00:23.905093+00
f97096b8-b8bd-41e2-a469-68d52c669abd,9854a9b6-9b5b-48a1-872a-a7107febf7f6,019d0421-0186-7aa0-bd28-9b106949d2f5,2026-03-19 03:26:42.809+00,2026-03-19 03:26:42.809+00,120,Conversation completed successfully.,Had a pleasant conversation about family and daily activities,5,true,"[{""text"":""Shared thoughts about the day and mentioned enjoying the morning sunshine while having breakfast."",""title"":""Daily Reflections""}]",[],2026-03-19 03:26:42.24153+00