id,patient_id,call_id,memory_text,category,date_mentioned,sentiment,created_at
01adc7e9-88bb-4800-a150-cbb1d93eb7b9,6475bf36-6c41-4491-ac54-417f7cff233f,9a4e39c7-9a72-4ee3-82c2-5436c735725c,Shared thoughts about the day and mentioned enjoying the morning sunshine while having breakfast.,Daily Reflections,2026-03-19,happy,2026-03-19 02:56:51.893608+00
0267c36b-49d1-429e-9b2b-1799ad269fa5,6475bf36-6c41-4491-ac54-417f7cff233f,50d5fd54-8db3-40d3-a687-907d8411d60e,Shared thoughts about the day and mentioned enjoying the morning sunshine while having breakfast.,Daily Reflections,2026-03-19,happy,2026-03-19 02:35:02.886101+00
0caa3d0d-3284-4502-a49a-d91ab748d3d6,6475bf36-6c41-4491-ac54-417f7cff233f,d98f35b1-aa07-4c1e-aa60-c0085542dde2,Shared thoughts about the day and mentioned enjoying the morning sunshine while having breakfast.,Daily Reflections,2026-03-19,happy,2026-03-19 02:08:46.642328+00
102caae4-0555-4bf3-b1ee-ac507fc7263c,6475bf36-6c41-4491-ac54-417f7cff233f,984e0b31-9f41-4bfe-81d2-264b1e04a622,Shared thoughts about the day and mentioned enjoying the morning sunshine while having breakfast.,Daily Reflections,2026-03-19,happy,2026-03-19 03:00:53.041964+00
18af7972-6e84-4dff-9c0b-2c4aa6bf4ae8,6475bf36-6c41-4491-ac54-417f7cff233f,66a0a0fc-5b6a-4b92-9b70-913b0f594dbf,Shared thoughts about the day and mentioned enjoying the morning sunshine while having breakfast.,Daily Reflections,2026-03-19,happy,2026-03-19 02:36:09.406622+00
1b48108e-618f-4659-a755-900a5133de85,9854a9b6-9b5b-48a1-872a-a7107febf7f6,897a6b72-edd0-4225-bbba-4e06d8839a6a,Shared thoughts about the day and mentioned enjoying the morning sunshine while having breakfast.,Daily Reflections,2026-03-19,happy,2026-03-19 03:44:11.458703+00
2161f85a-0f0a-4ff1-b96c-afdf638098bd,6475bf36-6c41-4491-ac54-417f7cff233f,f0e4626d-fffc-4e34-8200-75f8317d9627,Shared thoughts about the day and mentioned enjoying the morning sunshine while having breakfast.,Daily Reflections,2026-03-19,happy,2026-03-19 02:40:38.852737+00
21d54eb3-1e6d-4dcc-bf55-df29576f00df,6475bf36-6c41-4491-ac54-417f7cff233f,ab33a247-de18-4d3e-b32a-1d37c46c217e,Shared thoughts about the day and mentioned enjoying the morning sunshine while having breakfast.,Daily Reflections,2026-03-19,happy,2026-03-19 02:05:31.710745+00
220da487-7a81-4aab-b042-dd699bf9be7f,491b821c-1c8f-4a5a-a2aa-aad60a3b6ada,40123d77-5f6c-4d30-93dc-0fd1c25ba7e3,Shared thoughts about the day and mentioned enjoying the morning sunshine while having breakfast.,Daily Reflections,2026-03-19,happy,2026-03-19 03:51:33.458313+00
24879477-8cf2-4571-858f-7e445720f89b,6475bf36-6c41-4491-ac54-417f7cff233f,4cf4d042-871c-49a1-b341-6e1481b2a290,Shared thoughts about the day and mentioned enjoying the morning sunshine while having breakfast.,Daily Reflections,2026-03-19,happy,2026-03-19 02:37:41.663617+00
271f520f-5639-4ffd-bc2f-9d3ddfd3b4a2,6475bf36-6c41-4491-ac54-417f7cff233f,a75cdfb6-9d75-4cdd-99ba-1afbf74e7277,Shared thoughts about the day and mentioned enjoying the morning sunshine while having breakfast.,Daily Reflections,2026-03-19,happy,2026-03-19 01:44:30.881612+00
27b4295b-5852-4eda-8b67-4a728559ebc6,6475bf36-6c41-4491-ac54-417f7cff233f,51c32b09-69f8-47bc-a874-322ccff4e77e,Shared thoughts about the day and mentioned enjoying the morning sunshine while having breakfast.,Daily Reflections,2026-03-19,happy,2026-03-19 00:54:37.314592+00
2e7e085e-da1c-4620-81ea-8c6f7d475887,6475bf36-6c41-4491-ac54-417f7cff233f,73b3f696-11f2-4d0e-8be7-d39a21aee79b,Shared thoughts about the day and mentioned enjoying the morning sunshine while having breakfast.,Daily Reflections,2026-03-19,happy,2026-03-19 03:01:48.762324+00
2e891d66-db74-4827-ba76-b411c60f0cfa,6475bf36-6c41-4491-ac54-417f7cff233f,4f83c446-975c-4c61-9768-6e5e70e0b41a,Shared thoughts about the day and mentioned enjoying the morning sunshine while having breakfast.,Daily Reflections,2026-03-19,happy,2026-03-19 02:48:45.970123+00
32bf3a59-522e-466d-9e9f-c81644039c6e,6475bf36-6c41-4491-ac54-417f7cff233f,f32b5cd7-2019-4618-bc6c-3eeb56948cf9,Shared thoughts about the day and mentioned enjoying the morning sunshine while having breakfast.,Daily Reflections,2026-03-19,happy,2026-03-19 02:00:24.40649+00
4239242f-ee92-43d1-86d4-5ba529d10784,6475bf36-6c41-4491-ac54-417f7cff233f,a009a557-9df9-4abf-8254-f2b9747ea5a1,Shared thoughts about the day and mentioned enjoying the morning sunshine while having breakfast.,Daily Reflections,2026-03-19,happy,2026-03-19 02:12:31.927389+00
4c1c7ef0-7159-4ab1-9c22-748cf5b59284,9854a9b6-9b5b-48a1-872a-a7107febf7f6,64b04fe7-cf20-4bf2-a3b4-b3f7d0ff7f97,Shared thoughts about the day and mentioned enjoying the morning sunshine while having breakfast.,Daily Reflections,2026-03-19,happy,2026-03-19 03:47:26.055284+00
4ddf5d7b-2b57-4d91-9537-c6ce4f458570,491b821c-1c8f-4a5a-a2aa-aad60a3b6ada,e45051a0-11c0-422b-84c3-dd26c1a1e463,Shared thoughts about the day and mentioned enjoying the morning sunshine while having breakfast.,Daily Reflections,2026-03-19,happy,2026-03-19 03:57:55.893059+00
4de7d08b-1d1a-4de1-b824-a1ce14da9fd9,9854a9b6-9b5b-48a1-872a-a7107febf7f6,47f2d81c-d345-4761-abe8-86b70905cba1,Shared thoughts about the day and mentioned enjoying the morning sunshine while having breakfast.,Daily Reflections,2026-03-19,happy,2026-03-19 03:30:30.89682+00
5af7f8cb-5915-4bf2-b2e6-fccb118f0e7e,6475bf36-6c41-4491-ac54-417f7cff233f,25dccdc5-e3d1-4448-b675-b83ea91e1457,Shared thoughts about the day and mentioned enjoying the morning sunshine while having breakfast.,Daily Reflections,2026-03-19,happy,2026-03-19 01:58:07.052621+00
6132ef43-54a7-43d6-b88f-c0414aa818c3,9854a9b6-9b5b-48a1-872a-a7107febf7f6,f97096b8-b8bd-41e2-a469-68d52c669abd,Shared thoughts about the day and mentioned enjoying the morning sunshine while having breakfast.,Daily Reflections,2026-03-19,happy,2026-03-19 03:26:42.457696+00
6c73bbef-a7d7-4f79-9599-b50e358c027b,9854a9b6-9b5b-48a1-872a-a7107febf7f6,bec6c9ec-d5b8-40b1-ae55-29093cd96c84,Shared thoughts about the day and mentioned enjoying the morning sunshine while having breakfast.,Daily Reflections,2026-03-19,happy,2026-03-19 03:30:38.061099+00
701ebd65-f984-41f7-89af-fcaaad061999,6475bf36-6c41-4491-ac54-417f7cff233f,169c8339-b191-47e6-bf00-d84e4981d89a,Shared thoughts about the day and mentioned enjoying the morning sunshine while having breakfast.,Daily Reflections,2026-03-19,happy,2026-03-19 01:29:01.701959+00
766a7e47-2233-41dd-9002-ab033fbcb70c,6475bf36-6c41-4491-ac54-417f7cff233f,b3e165e5-c2df-43fe-b5df-0e425d583c0c,Shared thoughts about the day and mentioned enjoying the morning sunshine while having breakfast.,Daily Reflections,2026-03-19,happy,2026-03-19 03:23:04.685625+00
8207c82d-260b-43d1-9c53-6feba659ef37,6475bf36-6c41-4491-ac54-417f7cff233f,469ed03d-52c8-4fb3-92c2-d1bd79b14bdc,Shared thoughts about the day and mentioned enjoying the morning sunshine while having breakfast.,Daily Reflections,2026-03-19,happy,2026-03-19 02:33:00.827825+00
874ce40b-cb24-497d-8515-574eb76762a1,6475bf36-6c41-4491-ac54-417f7cff233f,210bd3c5-14ac-4e85-8fd1-2001e7ca17f3,Shared thoughts about the day and mentioned enjoying the morning sunshine while having breakfast.,Daily Reflections,2026-03-19,happy,2026-03-19 01:54:27.445312+00
88d69a6b-598d-4cda-9ce1-242bd7e6fc7c,6475bf36-6c41-4491-ac54-417f7cff233f,4bfa6c69-ac8c-418b-a102-825d6e99eba0,Shared thoughts about the day and mentioned enjoying the morning sunshine while having breakfast.,Daily Reflections,2026-03-19,happy,2026-03-19 02:59:21.23798+00
9ac4239b-4476-47f2-a6ee-c6ff5e0ab3c4,9854a9b6-9b5b-48a1-872a-a7107febf7f6,857360e9-2002-44f6-9ff9-8e02ab736ab6,Shared thoughts about the day and mentioned enjoying the morning sunshine while having breakfast.,Daily Reflections,2026-03-19,happy,2026-03-19 03:36:57.581657+00
9bea7c5f-13ca-4b20-8f8f-7dbba12af9e1,6475bf36-6c41-4491-ac54-417f7cff233f,184e4306-eb3e-4640-be76-5f9a99a8204d,Shared thoughts about the day and mentioned enjoying the morning sunshine while having breakfast.,Daily Reflections,2026-03-19,happy,2026-03-19 02:03:33.999608+00
a5fc779d-da75-4654-bdf1-8d49f86098a4,9854a9b6-9b5b-48a1-872a-a7107febf7f6,db43c386-2e40-407e-939e-0e3aa8ecadc1,Shared thoughts about the day and mentioned enjoying the morning sunshine while having breakfast.,Daily Reflections,2026-03-19,happy,2026-03-19 03:48:33.884098+00
a73ad501-c6f2-4633-bd4f-2992bb286276,6475bf36-6c41-4491-ac54-417f7cff233f,c296bed6-6453-4738-ba91-8f2c4d3b5900,Shared thoughts about the day and mentioned enjoying the morning sunshine while having breakfast.,Daily Reflections,2026-03-19,happy,2026-03-19 03:24:18.637398+00
b30efe44-5618-4a3a-b8b7-0d446271d2ea,6475bf36-6c41-4491-ac54-417f7cff233f,9d6522fa-8bfa-4ca2-acf0-40ef0ff0853e,Shared thoughts about the day and mentioned enjoying the morning sunshine while having breakfast.,Daily Reflections,2026-03-19,happy,2026-03-19 02:26:49.937396+00
cb1884f9-b04c-455e-a3c2-431be4cd8408,9854a9b6-9b5b-48a1-872a-a7107febf7f6,759a4b0b-fc25-4d1e-a9d5-0c980e179284,Shared thoughts about the day and mentioned enjoying the morning sunshine while having breakfast.,Daily Reflections,2026-03-19,happy,2026-03-19 03:46:40.455526+00
cb3fc6bc-20b2-4b98-ad83-0c1a3e2951e0,9854a9b6-9b5b-48a1-872a-a7107febf7f6,4f310ec7-a671-40d6-88a7-a36f05c2b26d,Shared thoughts about the day and mentioned enjoying the morning sunshine while having breakfast.,Daily Reflections,2026-03-19,happy,2026-03-19 03:43:00.178487+00
d8025db1-cab4-4784-9190-3bab83f51e9a,9854a9b6-9b5b-48a1-872a-a7107febf7f6,d0de9f9f-6d9a-4087-8482-284a7a740915,Shared thoughts about the day and mentioned enjoying the morning sunshine while having breakfast.,Daily Reflections,2026-03-19,happy,2026-03-19 03:32:35.45328+00
d91cac48-e3e4-4967-b656-214c9f88650d,6475bf36-6c41-4491-ac54-417f7cff233f,e42e9c3d-2467-4eae-afc5-552ef7cb2731,Shared thoughts about the day and mentioned enjoying the morning sunshine while having breakfast.,Daily Reflections,2026-03-19,happy,2026-03-19 02:22:17.247239+00
dad4dba8-bf6c-47b6-b537-4d99f7e0ec21,6475bf36-6c41-4491-ac54-417f7cff233f,170e129a-57da-4fb7-a3b2-6a0469749d22,Shared thoughts about the day and mentioned enjoying the morning sunshine while having breakfast.,Daily Reflections,2026-03-19,happy,2026-03-19 03:00:22.403757+00
dcd938a7-2928-4372-b70e-ba1b4fc0559c,491b821c-1c8f-4a5a-a2aa-aad60a3b6ada,0a693baf-7d81-4c47-9722-0535ad3bc448,Shared thoughts about the day and mentioned enjoying the morning sunshine while having breakfast.,Daily Reflections,2026-03-19,happy,2026-03-19 03:59:39.217067+00
ee3d782b-9112-47f2-8ccc-f4c6d9492067,491b821c-1c8f-4a5a-a2aa-aad60a3b6ada,7e1048e4-118f-443e-9267-58f73c17063d,Shared thoughts about the day and mentioned enjoying the morning sunshine while having breakfast.,Daily Reflections,2026-03-19,happy,2026-03-19 03:58:54.576305+00
ef0850c3-8bd4-45c4-8433-f9803cffea51,6475bf36-6c41-4491-ac54-417f7cff233f,2547c950-e603-4b02-a267-4e1b9011451e,Shared thoughts about the day and mentioned enjoying the morning sunshine while having breakfast.,Daily Reflections,2026-03-19,happy,2026-03-19 02:20:22.093569+00
f000281f-33ce-43e6-a99b-63191ef9cfe8,6475bf36-6c41-4491-ac54-417f7cff233f,4d2962f2-8abf-4052-9acb-876818f1d23d,Shared thoughts about the day and mentioned enjoying the morning sunshine while having breakfast.,Daily Reflections,2026-03-19,happy,2026-03-19 02:29:28.111934+00
f19ea306-d252-4d6a-8f87-304ffede18b3,9854a9b6-9b5b-48a1-872a-a7107febf7f6,d10a0cf3-4d93-4e27-9612-e80d8e0d1529,Shared thoughts about the day and mentioned enjoying the morning sunshine while having breakfast.,Daily Reflections,2026-03-19,happy,2026-03-19 03:33:00.729581+00
f7b346c5-6363-4c99-bbf8-01160e18d4d7,6475bf36-6c41-4491-ac54-417f7cff233f,dce1fa4c-7acf-4237-bdec-48ea0908db32,Shared thoughts about the day and mentioned enjoying the morning sunshine while having breakfast.,Daily Reflections,2026-03-19,happy,2026-03-19 02:54:11.367842+00
fa3b77b1-ce4b-4f6d-a47a-937b5ae3642f,9854a9b6-9b5b-48a1-872a-a7107febf7f6,92475ead-a0c7-4835-907f-433f5d13f71c,Shared thoughts about the day and mentioned enjoying the morning sunshine while having breakfast.,Daily Reflections,2026-03-19,happy,2026-03-19 03:39:35.750911+00
fa975cad-68fb-4555-a774-b06d27de3556,6475bf36-6c41-4491-ac54-417f7cff233f,3b9a62a7-520b-42ff-a75a-e166298a5cff,Shared thoughts about the day and mentioned enjoying the morning sunshine while having breakfast.,Daily Reflections,2026-03-19,happy,2026-03-19 01:12:32.32252+00
fed83e91-174a-4864-b5b7-22ae04c6f13c,9854a9b6-9b5b-48a1-872a-a7107febf7f6,375a6a46-1627-4ec2-863f-48966f68046a,Shared thoughts about the day and mentioned enjoying the morning sunshine while having breakfast.,Daily Reflections,2026-03-19,happy,2026-03-19 03:34:11.575492+00