Patient_ID,Age,Sex,Ethnicity,T2DM,Hypertension,Dyslipidaemia,Obesity,IHD,CKD,Osteoarthritis,Asthma,NAFLD,Anaemia,HbA1c_pct,Fasting_Glucose_mmolL,Diabetes_Status,SBP_mmHg,DBP_mmHg,HTN_Stage,Pulse_Pressure_mmHg,Total_Cholesterol_mmolL,LDL_mmolL,HDL_mmolL,Triglycerides_mmolL,Non_HDL_Cholesterol_mmolL,LDL_Status,BMI,Num_Medications,Smoking_Status,Risk_Level
SGP-0001,67,M,Chinese,Yes,Yes,Yes,No,No,No,No,No,No,No,8.1,11.2,Poorly Controlled,148,88,Stage 1,60,5.3,3.3,0.9,3.8,4.4,Above Target,26.4,6,Ex-smoker,High
SGP-0002,54,F,Malay,Yes,No,No,Yes,No,No,No,No,No,No,7.4,8.4,Controlled,132,80,Normal,52,5.0,1.6,1.4,0.6,3.6,Normal,31.2,4,Non-smoker,Medium
SGP-0003,72,M,Chinese,No,Yes,No,No,Yes,Yes,No,No,No,No,,4.4,Normal,162,92,Stage 2,70,4.8,1.4,1.1,1.6,3.7,At Target,23.8,7,Ex-smoker,High
SGP-0004,48,F,Indian,Yes,Yes,No,No,No,No,No,No,No,No,6.9,8.0,Controlled,128,78,Elevated,50,4.1,2.5,1.7,0.6,2.4,Normal,27.1,3,Non-smoker,Medium
SGP-0005,61,M,Chinese,No,No,Yes,No,No,No,No,No,No,No,,5.5,Normal,124,76,Normal,48,7.0,3.4,0.9,4.4,6.1,Above Target,22.5,2,Ex-smoker,Low
SGP-0006,79,F,Chinese,No,Yes,Yes,No,No,Yes,Yes,No,No,No,,4.6,Normal,156,86,Stage 1,70,5.4,2.8,1.1,3.4,4.3,Above Target,24.9,8,Non-smoker,High
SGP-0007,45,M,Malay,Yes,Yes,No,Yes,No,No,No,No,No,No,9.2,12.2,Poorly Controlled,145,90,Stage 1,55,4.8,2.4,1.9,1.0,2.9,Normal,34.7,5,Current,High
SGP-0008,58,F,Indian,Yes,No,Yes,No,No,No,No,No,No,No,7.0,8.0,Controlled,118,72,Normal,46,7.4,4.1,1.1,3.3,6.3,Above Target,25.3,4,Non-smoker,Controlled
SGP-0009,63,M,Chinese,No,Yes,No,No,Yes,No,No,No,No,No,,5.3,Normal,136,82,Elevated,54,4.1,1.7,1.2,1.0,2.9,At Target,23.1,5,Ex-smoker,Medium
SGP-0010,55,F,Chinese,Yes,Yes,Yes,No,No,No,No,No,Yes,No,8.7,8.5,Poorly Controlled,142,88,Stage 1,54,5.5,3.3,1.1,2.7,4.4,Above Target,28.6,6,Non-smoker,High
SGP-0011,38,M,Others,No,No,No,No,No,No,No,Yes,No,No,,4.7,Normal,116,70,Normal,46,4.1,2.0,1.8,1.3,2.3,Normal,21.8,2,Non-smoker,Low
SGP-0012,70,F,Malay,Yes,Yes,No,No,No,No,Yes,No,No,No,7.8,8.2,Controlled,150,86,Stage 1,64,4.0,2.7,1.2,1.0,2.8,Normal,29.4,6,Non-smoker,High
SGP-0013,52,M,Indian,Yes,No,Yes,Yes,No,No,No,No,No,No,8.4,13.4,Poorly Controlled,130,80,Normal,50,6.9,3.9,1.1,4.1,5.8,Above Target,33.1,5,Current,High
SGP-0014,65,F,Chinese,No,Yes,No,No,Yes,No,No,No,No,No,,5.5,Normal,138,84,Elevated,54,4.3,1.4,1.2,1.2,3.1,At Target,22.7,4,Non-smoker,Medium
SGP-0015,44,M,Chinese,Yes,No,No,No,No,No,No,No,No,No,6.7,6.8,Controlled,122,74,Normal,48,5.1,3.0,1.4,1.3,3.7,Normal,24.0,2,Non-smoker,Controlled
SGP-0016,73,F,Indian,Yes,Yes,Yes,No,Yes,Yes,No,No,No,Yes,9.5,9.6,Poorly Controlled,160,94,Stage 2,66,7.6,3.7,0.9,2.4,6.7,Above Target,27.8,9,Non-smoker,High
SGP-0017,50,M,Malay,No,Yes,Yes,No,No,No,No,No,No,No,,5.1,Normal,134,82,Elevated,52,5.9,4.0,1.2,2.8,4.7,Above Target,26.0,3,Current,Medium
SGP-0018,60,F,Chinese,Yes,No,No,Yes,No,No,No,No,No,No,7.2,6.8,Controlled,128,78,Normal,50,5.2,2.4,1.2,0.7,4.0,Normal,30.5,4,Non-smoker,Controlled
SGP-0019,68,M,Chinese,No,Yes,No,No,No,Yes,No,No,No,Yes,,4.2,Normal,152,88,Stage 1,64,4.7,2.8,1.4,0.7,3.3,Normal,21.3,6,Ex-smoker,High
SGP-0020,57,F,Malay,Yes,Yes,Yes,No,No,No,No,No,No,No,8.0,7.4,Poorly Controlled,140,86,Stage 1,54,7.8,3.9,1.2,4.1,6.6,Above Target,28.2,5,Non-smoker,Medium
SGP-0021,62,M,Chinese,Yes,Yes,Yes,No,Yes,No,No,No,No,No,7.6,6.1,Controlled,138,84,Elevated,54,7.1,4.2,1.0,2.4,6.1,Above Target,24.5,7,Ex-smoker,High
SGP-0022,49,F,Chinese,No,No,Yes,No,No,No,No,Yes,No,No,,5.2,Normal,120,74,Normal,46,5.5,3.6,1.0,4.4,4.5,Above Target,22.1,2,Non-smoker,Low
SGP-0023,75,M,Indian,Yes,Yes,No,No,Yes,Yes,Yes,No,No,No,9.0,12.7,Poorly Controlled,158,90,Stage 1,68,4.4,2.0,1.1,1.9,3.3,At Target,24.2,8,Ex-smoker,High
SGP-0024,41,F,Malay,Yes,No,No,Yes,No,No,No,No,No,No,7.1,9.1,Controlled,118,72,Normal,46,4.2,2.6,1.6,0.8,2.6,Normal,32.4,3,Non-smoker,Medium
SGP-0025,66,M,Chinese,No,Yes,Yes,No,No,No,No,No,No,No,,5.4,Normal,142,84,Stage 1,58,6.6,4.5,1.0,1.7,5.6,Above Target,23.6,3,Ex-smoker,Medium
SGP-0026,53,F,Others,Yes,Yes,Yes,Yes,No,No,No,No,Yes,No,8.3,9.1,Poorly Controlled,136,82,Elevated,54,5.3,4.8,1.2,4.0,4.1,Above Target,30.8,5,Non-smoker,High
SGP-0027,71,M,Chinese,No,Yes,No,No,Yes,Yes,No,No,No,Yes,,4.6,Normal,164,94,Stage 2,70,4.1,2.4,1.6,1.0,2.5,At Target,22.0,7,Ex-smoker,High
SGP-0028,47,F,Indian,Yes,No,Yes,No,No,No,No,No,No,No,6.8,7.8,Controlled,122,76,Normal,46,5.4,4.4,1.1,2.1,4.3,Above Target,25.8,3,Non-smoker,Controlled
SGP-0029,59,M,Malay,Yes,Yes,No,Yes,No,No,No,No,No,No,8.9,10.1,Poorly Controlled,144,88,Stage 1,56,4.6,2.0,1.8,1.1,2.8,Normal,33.5,5,Current,High
SGP-0030,64,F,Chinese,Yes,Yes,Yes,No,No,No,Yes,No,No,No,7.5,6.8,Controlled,140,82,Stage 1,58,6.6,4.4,0.9,2.6,5.7,Above Target,26.1,6,Non-smoker,Medium
SGP-0031,56,M,Chinese,No,No,Yes,No,No,No,No,No,No,No,,5.9,Normal,118,72,Normal,46,6.9,3.7,1.0,2.0,5.9,Above Target,21.9,1,Non-smoker,Low
SGP-0032,80,F,Chinese,Yes,Yes,Yes,No,Yes,Yes,Yes,No,No,Yes,9.8,8.5,Poorly Controlled,168,96,Stage 2,72,6.1,4.0,0.9,2.3,5.2,Above Target,23.4,9,Non-smoker,High
SGP-0033,43,M,Indian,Yes,No,No,Yes,No,No,No,No,Yes,No,7.9,6.3,Controlled,126,78,Normal,48,4.7,1.9,1.8,1.5,2.9,Normal,31.7,4,Current,Medium
SGP-0034,69,F,Malay,No,Yes,Yes,No,No,No,Yes,No,No,No,,4.1,Normal,148,86,Stage 1,62,5.8,4.2,0.9,2.1,4.9,Above Target,27.3,4,Non-smoker,Medium
SGP-0035,58,M,Chinese,Yes,Yes,Yes,No,No,No,No,No,No,No,7.3,9.3,Controlled,134,80,Elevated,54,6.7,3.7,1.1,4.0,5.6,Above Target,25.0,5,Ex-smoker,Controlled
SGP-0036,77,F,Indian,Yes,Yes,No,No,Yes,Yes,No,No,No,Yes,10.1,8.2,Poorly Controlled,162,92,Stage 2,70,4.1,1.9,1.3,1.4,2.8,At Target,24.7,9,Non-smoker,High
SGP-0037,46,M,Chinese,No,Yes,No,No,No,No,No,Yes,No,No,,5.4,Normal,128,78,Elevated,50,4.7,3.2,1.2,1.0,3.5,Normal,23.3,2,Non-smoker,Low
SGP-0038,61,F,Others,Yes,No,Yes,Yes,No,No,No,No,No,No,7.6,7.3,Controlled,124,76,Normal,48,7.4,3.2,0.9,3.0,6.5,Above Target,29.9,4,Non-smoker,Medium
SGP-0039,74,M,Chinese,No,Yes,Yes,No,Yes,Yes,No,No,No,No,,4.8,Normal,158,90,Stage 1,68,5.9,3.2,1.2,2.9,4.7,Above Target,22.8,7,Ex-smoker,High
SGP-0040,51,F,Malay,Yes,Yes,No,Yes,No,No,No,No,No,No,8.5,12.6,Poorly Controlled,138,84,Elevated,54,4.6,1.6,1.9,1.5,2.7,Normal,32.6,5,Non-smoker,High
SGP-0041,63,M,Indian,Yes,Yes,Yes,No,Yes,No,No,No,No,No,7.7,9.4,Controlled,140,86,Stage 1,54,7.6,4.6,0.9,3.1,6.7,Above Target,26.3,6,Ex-smoker,High
SGP-0042,36,F,Chinese,No,No,No,No,No,No,No,Yes,No,No,,4.4,Normal,112,68,Normal,44,4.4,1.6,1.4,1.7,3.0,Normal,20.4,1,Non-smoker,Low
SGP-0043,70,M,Chinese,Yes,Yes,No,No,No,Yes,Yes,No,No,No,8.2,8.7,Poorly Controlled,154,88,Stage 1,66,4.9,2.3,1.4,1.7,3.5,Normal,23.5,7,Ex-smoker,High
SGP-0044,55,F,Indian,No,Yes,Yes,No,No,No,No,No,No,No,,5.9,Normal,130,80,Elevated,50,6.6,4.3,0.9,2.5,5.7,Above Target,24.8,3,Non-smoker,Medium
SGP-0045,42,M,Malay,Yes,No,No,Yes,No,No,No,No,Yes,No,7.0,9.4,Controlled,120,74,Normal,46,4.6,2.4,1.7,0.7,2.9,Normal,33.8,3,Current,Medium
SGP-0046,66,F,Chinese,Yes,Yes,Yes,No,No,No,No,No,No,No,7.4,8.1,Controlled,136,82,Elevated,54,6.5,4.6,0.9,4.4,5.6,Above Target,25.7,5,Non-smoker,Controlled
SGP-0047,78,M,Chinese,No,Yes,No,No,Yes,Yes,No,No,No,Yes,,4.2,Normal,166,94,Stage 2,72,4.3,2.1,1.4,1.2,2.9,At Target,21.6,8,Ex-smoker,High
SGP-0048,52,F,Others,Yes,Yes,Yes,Yes,No,No,No,No,No,No,8.6,7.8,Poorly Controlled,138,84,Elevated,54,7.5,3.2,1.0,3.4,6.5,Above Target,30.2,6,Non-smoker,High
SGP-0049,59,M,Chinese,No,No,Yes,No,No,No,No,No,No,No,,4.8,Normal,116,70,Normal,46,6.7,3.9,1.2,2.3,5.5,Above Target,22.2,2,Non-smoker,Low
SGP-0050,65,F,Malay,Yes,Yes,No,No,No,Yes,Yes,No,No,No,9.1,11.7,Poorly Controlled,152,88,Stage 1,64,4.1,2.2,1.6,0.9,2.5,Normal,26.8,7,Non-smoker,High
SGP-0051,48,M,Indian,Yes,No,Yes,No,No,No,No,No,No,No,6.6,7.2,Controlled,120,74,Normal,46,7.2,2.8,1.0,4.5,6.2,Above Target,25.1,3,Non-smoker,Controlled
SGP-0052,73,F,Chinese,No,Yes,Yes,No,Yes,No,Yes,No,No,No,,5.9,Normal,150,86,Stage 1,64,5.4,3.1,0.9,4.3,4.5,Above Target,24.0,6,Non-smoker,High
SGP-0053,40,M,Chinese,Yes,No,No,Yes,No,No,No,No,No,No,7.8,9.1,Controlled,124,78,Normal,46,5.0,2.1,1.2,1.5,3.8,Normal,31.0,3,Current,Medium
SGP-0054,67,F,Indian,Yes,Yes,Yes,No,Yes,Yes,No,No,No,Yes,9.3,11.6,Poorly Controlled,158,90,Stage 1,68,6.8,5.0,1.1,1.7,5.7,Above Target,27.2,9,Non-smoker,High
SGP-0055,56,M,Malay,No,Yes,No,No,No,No,No,No,No,No,,5.6,Normal,132,80,Elevated,52,4.2,2.6,1.9,0.7,2.3,Normal,24.4,2,Current,Low
SGP-0056,62,F,Chinese,Yes,No,Yes,No,No,No,No,No,Yes,No,7.1,6.5,Controlled,126,76,Normal,50,5.5,3.9,0.9,3.4,4.6,Above Target,26.9,4,Non-smoker,Controlled
SGP-0057,76,M,Chinese,No,Yes,Yes,No,Yes,Yes,Yes,No,No,Yes,,5.4,Normal,160,92,Stage 2,68,5.7,4.1,0.9,3.1,4.8,Above Target,22.3,8,Ex-smoker,High
SGP-0058,44,F,Others,Yes,Yes,No,Yes,No,No,No,No,No,No,8.0,9.2,Poorly Controlled,130,80,Elevated,50,5.0,1.7,1.4,0.9,3.6,Normal,32.0,4,Non-smoker,Medium
SGP-0059,69,M,Indian,Yes,Yes,Yes,No,No,No,No,No,No,No,7.5,6.1,Controlled,142,86,Stage 1,56,7.2,4.1,0.9,3.8,6.3,Above Target,25.6,6,Ex-smoker,Medium
SGP-0060,53,F,Chinese,No,No,No,No,No,No,No,Yes,No,No,,5.0,Normal,114,70,Normal,44,4.4,1.5,1.2,1.6,3.2,Normal,21.5,1,Non-smoker,Low
SGP-0061,71,M,Malay,Yes,Yes,No,Yes,Yes,Yes,No,No,No,No,9.6,12.9,Poorly Controlled,156,90,Stage 1,66,4.8,2.3,1.3,1.1,3.5,At Target,30.1,8,Ex-smoker,High
SGP-0062,46,F,Chinese,Yes,No,Yes,No,No,No,No,No,No,No,7.2,6.5,Controlled,120,74,Normal,46,6.0,4.8,1.1,4.1,4.9,Above Target,24.6,3,Non-smoker,Controlled
SGP-0063,64,M,Chinese,No,Yes,Yes,No,Yes,No,No,No,No,No,,5.7,Normal,140,84,Stage 1,56,5.7,3.2,0.8,3.9,4.9,Above Target,23.9,5,Ex-smoker,Medium
SGP-0064,57,F,Indian,Yes,Yes,No,No,No,Yes,No,No,No,Yes,8.8,12.7,Poorly Controlled,146,88,Stage 1,58,4.4,2.6,1.2,1.6,3.2,Normal,26.5,7,Non-smoker,High
SGP-0065,39,M,Malay,No,No,No,Yes,No,No,No,Yes,No,No,,5.6,Normal,118,72,Normal,46,5.2,2.9,1.8,0.6,3.4,Normal,30.7,2,Current,Low
SGP-0066,74,F,Chinese,Yes,Yes,Yes,No,Yes,Yes,Yes,No,No,No,9.0,11.8,Poorly Controlled,160,92,Stage 2,68,6.1,4.8,1.1,4.1,5.0,Above Target,23.7,9,Non-smoker,High
SGP-0067,50,M,Others,Yes,No,Yes,No,No,No,No,No,No,No,7.3,8.9,Controlled,122,76,Normal,46,5.9,4.5,0.8,4.1,5.1,Above Target,24.3,3,Non-smoker,Medium
SGP-0068,68,F,Chinese,No,Yes,No,No,No,No,Yes,No,No,No,,5.6,Normal,144,84,Stage 1,60,4.1,2.9,1.5,0.9,2.6,Normal,25.2,4,Non-smoker,Medium
SGP-0069,43,M,Indian,Yes,Yes,No,Yes,No,No,No,No,Yes,No,8.1,12.2,Poorly Controlled,132,82,Elevated,50,4.1,1.5,1.3,1.0,2.8,Normal,33.4,5,Current,High
SGP-0070,60,F,Malay,Yes,No,Yes,No,No,No,No,No,No,No,6.8,9.0,Controlled,118,72,Normal,46,7.7,3.3,1.1,2.8,6.6,Above Target,26.7,3,Non-smoker,Controlled
SGP-0071,77,M,Chinese,No,Yes,Yes,No,Yes,Yes,No,No,No,Yes,,5.9,Normal,162,92,Stage 2,70,6.6,4.9,0.8,4.4,5.8,Above Target,22.1,8,Ex-smoker,High
SGP-0072,49,F,Chinese,Yes,Yes,No,No,No,No,No,No,No,No,7.6,6.7,Controlled,130,80,Elevated,50,5.1,2.0,1.2,1.1,3.9,Normal,25.4,4,Non-smoker,Medium
SGP-0073,55,M,Indian,No,No,Yes,No,No,No,No,No,No,No,,5.4,Normal,120,74,Normal,46,6.0,4.1,1.0,2.8,5.0,Above Target,23.0,1,Non-smoker,Low
SGP-0074,63,F,Chinese,Yes,Yes,Yes,Yes,No,No,No,No,No,No,8.4,10.7,Poorly Controlled,138,84,Elevated,54,5.9,4.3,0.8,4.3,5.1,Above Target,30.9,6,Non-smoker,High
SGP-0075,35,M,Malay,No,No,No,Yes,No,No,No,No,No,No,,5.0,Normal,114,68,Normal,46,4.8,2.8,1.6,1.0,3.2,Normal,31.5,1,Current,Low
SGP-0076,72,F,Indian,Yes,Yes,No,No,Yes,Yes,No,No,No,Yes,9.7,7.5,Poorly Controlled,158,90,Stage 1,68,5.0,1.8,1.2,1.8,3.8,At Target,24.1,9,Non-smoker,High
SGP-0077,47,M,Chinese,Yes,No,Yes,No,No,No,No,No,No,No,7.0,8.5,Controlled,118,72,Normal,46,6.0,3.3,1.0,2.8,5.0,Above Target,24.8,3,Non-smoker,Controlled
SGP-0078,66,F,Others,No,Yes,Yes,No,No,No,Yes,No,No,No,,4.6,Normal,142,84,Stage 1,58,5.5,3.6,1.2,3.6,4.3,Above Target,26.2,4,Non-smoker,Medium
SGP-0079,58,M,Chinese,Yes,Yes,No,No,No,No,No,No,No,No,7.9,9.2,Controlled,136,82,Elevated,54,4.7,2.0,1.5,0.6,3.2,Normal,25.9,4,Ex-smoker,Medium
SGP-0080,81,F,Chinese,Yes,Yes,Yes,No,Yes,Yes,Yes,No,No,Yes,10.3,8.9,Poorly Controlled,170,98,Stage 2,72,6.3,4.0,1.1,3.0,5.2,Above Target,22.6,10,Non-smoker,High
SGP-0081,45,M,Indian,No,Yes,No,Yes,No,No,No,No,No,No,,4.8,Normal,128,78,Elevated,50,4.1,2.3,1.8,1.5,2.3,Normal,32.8,3,Current,Medium
SGP-0082,69,F,Malay,Yes,Yes,Yes,No,No,No,No,No,Yes,No,8.5,8.1,Poorly Controlled,148,86,Stage 1,62,5.4,3.8,1.1,2.6,4.3,Above Target,27.6,6,Non-smoker,High
SGP-0083,54,M,Chinese,No,No,Yes,No,No,No,No,No,No,No,,5.6,Normal,116,70,Normal,46,7.2,4.2,0.9,2.3,6.3,Above Target,22.7,1,Non-smoker,Low
SGP-0084,61,F,Chinese,Yes,Yes,No,No,Yes,No,No,No,No,No,7.7,6.2,Controlled,140,84,Stage 1,56,4.4,1.9,1.5,1.0,2.9,At Target,25.3,6,Non-smoker,High
SGP-0085,75,M,Indian,No,Yes,Yes,No,Yes,Yes,No,No,No,No,,4.8,Normal,164,94,Stage 2,70,6.8,3.1,1.1,3.1,5.7,Above Target,23.2,7,Ex-smoker,High
SGP-0086,42,F,Others,Yes,No,No,Yes,No,No,No,No,No,No,7.4,6.9,Controlled,120,74,Normal,46,4.7,1.5,1.7,1.4,3.0,Normal,31.9,3,Non-smoker,Medium
SGP-0087,64,M,Malay,Yes,Yes,Yes,No,No,Yes,No,No,No,No,8.7,7.7,Poorly Controlled,146,88,Stage 1,58,6.3,3.0,1.2,3.2,5.1,Above Target,26.0,7,Ex-smoker,High
SGP-0088,51,F,Chinese,No,No,Yes,No,No,No,No,Yes,No,No,,4.1,Normal,118,72,Normal,46,5.8,4.6,1.0,3.9,4.8,Above Target,22.4,2,Non-smoker,Low
SGP-0089,70,M,Chinese,Yes,Yes,No,No,Yes,Yes,Yes,No,No,Yes,9.2,11.3,Poorly Controlled,156,90,Stage 1,66,5.5,2.1,1.6,1.9,3.9,At Target,23.6,9,Ex-smoker,High
SGP-0090,37,F,Malay,No,No,No,No,No,No,No,Yes,No,No,,5.2,Normal,112,68,Normal,44,4.8,2.4,1.8,1.2,3.0,Normal,20.9,1,Non-smoker,Low
SGP-0091,65,M,Indian,Yes,Yes,Yes,No,Yes,No,No,No,No,No,7.8,9.2,Controlled,142,86,Stage 1,56,7.1,3.7,0.9,2.4,6.2,Above Target,26.7,6,Ex-smoker,High
SGP-0092,53,F,Chinese,Yes,No,No,Yes,No,No,No,No,No,No,7.1,8.3,Controlled,122,76,Normal,46,4.9,2.4,1.6,0.9,3.3,Normal,30.3,3,Non-smoker,Medium
SGP-0093,78,M,Chinese,No,Yes,Yes,No,Yes,Yes,No,No,No,Yes,,4.1,Normal,166,94,Stage 2,72,5.9,3.3,0.9,3.2,5.0,Above Target,21.8,8,Ex-smoker,High
SGP-0094,46,F,Indian,Yes,Yes,No,No,No,No,No,No,No,No,6.9,6.6,Controlled,126,78,Elevated,48,4.1,2.7,1.7,0.7,2.4,Normal,25.6,4,Non-smoker,Controlled
SGP-0095,60,M,Malay,No,Yes,No,Yes,No,No,No,No,No,No,,4.8,Normal,136,82,Elevated,54,4.6,2.2,1.3,1.1,3.3,Normal,31.3,3,Current,Medium
SGP-0096,68,F,Chinese,Yes,Yes,Yes,No,No,Yes,Yes,No,No,No,8.3,12.9,Poorly Controlled,148,88,Stage 1,60,6.7,4.3,1.1,3.8,5.6,Above Target,25.8,7,Non-smoker,High
SGP-0097,43,M,Others,No,No,Yes,No,No,No,No,No,No,No,,4.7,Normal,118,72,Normal,46,5.2,3.4,1.1,4.1,4.1,Above Target,23.5,1,Non-smoker,Low
SGP-0098,74,F,Chinese,Yes,Yes,No,No,Yes,Yes,No,No,No,Yes,9.4,13.2,Poorly Controlled,162,92,Stage 2,70,4.6,2.2,1.3,1.6,3.3,At Target,24.0,9,Non-smoker,High
SGP-0099,57,M,Chinese,Yes,No,Yes,No,No,No,No,No,Yes,No,7.5,6.8,Controlled,124,76,Normal,48,5.8,3.6,0.8,2.6,5.0,Above Target,26.4,4,Ex-smoker,Controlled
SGP-0100,49,F,Malay,No,Yes,Yes,Yes,No,No,No,No,No,No,,5.3,Normal,132,80,Elevated,52,6.3,3.0,1.0,2.1,5.3,Above Target,29.7,4,Non-smoker,Medium
SGP-0101,83,M,Chinese,Yes,Yes,Yes,No,Yes,Yes,Yes,No,No,Yes,10.0,11.0,Poorly Controlled,172,96,Stage 2,76,5.3,3.5,1.0,1.8,4.3,Above Target,22.0,10,Ex-smoker,High
SGP-0102,44,F,Indian,Yes,No,No,No,No,No,No,No,No,No,6.5,8.3,Controlled,116,70,Normal,46,4.0,2.3,1.1,1.0,2.9,Normal,24.2,2,Non-smoker,Controlled
SGP-0103,67,M,Malay,Yes,Yes,Yes,Yes,No,No,No,No,No,No,8.9,8.4,Poorly Controlled,148,88,Stage 1,60,6.0,4.4,1.0,3.8,5.0,Above Target,32.1,6,Current,High
SGP-0104,55,F,Chinese,No,No,Yes,No,No,No,No,Yes,No,No,,5.6,Normal,120,74,Normal,46,5.9,2.8,0.8,3.2,5.1,Above Target,22.8,2,Non-smoker,Low
SGP-0105,71,M,Indian,No,Yes,No,No,Yes,Yes,No,No,No,No,,5.9,Normal,158,90,Stage 1,68,4.5,2.1,1.5,1.6,3.0,At Target,23.1,6,Ex-smoker,High
SGP-0106,48,F,Chinese,Yes,Yes,No,No,No,No,No,No,No,No,7.3,8.7,Controlled,128,80,Elevated,48,5.1,1.8,1.1,0.8,4.0,Normal,25.0,4,Non-smoker,Medium
SGP-0107,62,M,Others,Yes,No,Yes,Yes,No,No,No,No,Yes,No,8.2,7.8,Poorly Controlled,130,80,Normal,50,6.9,4.0,0.9,3.7,6.0,Above Target,30.6,5,Non-smoker,High
SGP-0108,76,F,Chinese,No,Yes,Yes,No,Yes,Yes,Yes,No,No,No,,5.5,Normal,162,92,Stage 2,70,5.6,4.1,1.1,2.0,4.5,Above Target,23.4,7,Non-smoker,High
SGP-0109,51,M,Malay,Yes,Yes,No,Yes,No,No,No,No,No,No,8.6,12.3,Poorly Controlled,140,86,Stage 1,54,5.2,1.7,1.1,0.9,4.1,Normal,33.7,5,Current,High
SGP-0110,59,F,Chinese,Yes,No,Yes,No,No,No,No,No,No,No,7.0,8.4,Controlled,122,76,Normal,46,7.7,3.6,1.1,1.9,6.6,Above Target,25.5,3,Non-smoker,Controlled
SGP-0111,64,M,Indian,No,Yes,Yes,No,Yes,No,No,No,No,No,,5.3,Normal,138,84,Elevated,54,6.8,2.8,1.1,4.1,5.7,Above Target,24.6,5,Ex-smoker,Medium
SGP-0112,40,F,Chinese,No,No,No,No,No,No,No,Yes,No,No,,5.1,Normal,110,66,Normal,44,4.0,3.2,1.7,1.0,2.3,Normal,21.2,1,Non-smoker,Low
SGP-0113,73,M,Chinese,Yes,Yes,Yes,No,Yes,Yes,No,No,No,Yes,9.1,9.8,Poorly Controlled,158,90,Stage 1,68,6.2,3.8,0.9,4.1,5.3,Above Target,23.9,9,Ex-smoker,High
SGP-0114,52,F,Malay,Yes,No,No,Yes,No,No,No,No,No,No,7.7,8.9,Controlled,124,78,Normal,46,3.9,3.1,1.6,1.5,2.3,Normal,31.6,3,Non-smoker,Medium
SGP-0115,66,M,Chinese,No,Yes,No,No,No,No,Yes,No,No,No,,5.3,Normal,140,84,Stage 1,56,4.4,2.7,1.9,0.9,2.5,Normal,24.1,3,Ex-smoker,Medium
SGP-0116,58,F,Indian,Yes,Yes,Yes,No,No,Yes,No,No,No,No,8.4,12.3,Poorly Controlled,144,88,Stage 1,56,6.6,3.8,1.0,3.7,5.6,Above Target,26.8,7,Non-smoker,High
SGP-0117,35,M,Others,No,No,No,No,No,No,No,No,No,No,,4.5,Normal,108,64,Normal,44,5.0,2.9,1.2,1.6,3.8,Normal,20.1,0,Non-smoker,Low
SGP-0118,79,F,Malay,Yes,Yes,No,No,Yes,Yes,Yes,No,No,Yes,9.9,8.6,Poorly Controlled,164,92,Stage 2,72,4.7,2.1,1.2,0.9,3.5,At Target,24.5,9,Non-smoker,High
SGP-0119,46,M,Chinese,Yes,No,Yes,No,No,No,No,No,No,No,6.7,9.0,Controlled,118,72,Normal,46,5.7,3.1,1.1,2.7,4.6,Above Target,24.9,3,Non-smoker,Controlled
SGP-0120,61,F,Chinese,No,Yes,Yes,No,No,No,No,No,No,No,,5.7,Normal,136,82,Elevated,54,7.0,3.3,0.8,4.4,6.2,Above Target,25.1,4,Non-smoker,Medium
